{
  "samples_evaluated": 9.0,
  "tp": 2.0,
  "tn": 5.0,
  "fp": 1.0,
  "fn": 1.0,
  "accuracy": 0.7777777777777778,
  "precision": 0.6666666666666666,
  "recall": 0.6666666666666666,
  "f1": 0.6666666666666666,
  "auroc": 0.8333333333333334
}